UniProt_ID,cysteine_pos,label,ptm_type,ptm_pos,min_distance_A,d_le_5A,d_le_8A,d_le_10A
P00505,106,glut,Methylation,150,24.49377627071824,0,0,0
P00505,295,glut,Methylation,150,14.175779696369439,0,0,0
P00505,382,glut,Methylation,150,35.53042936695249,0,0,0
P00558,50,glut,Methylation,30,28.5477494909844,0,0,0
P00558,50,glut,Methylation,39,14.203361749952016,0,0,0
P00558,50,glut,Methylation,123,21.691771181717733,0,0,0
P00558,50,glut,Methylation,191,12.266286357329182,0,0,0
P00558,50,glut,Methylation,365,32.79309549280153,0,0,0
P00558,316,glut,Methylation,30,29.9960507233869,0,0,0
P00558,316,glut,Methylation,39,26.012242540772988,0,0,0
P00558,316,glut,Methylation,123,33.08220291939459,0,0,0
P00558,316,glut,Methylation,191,31.66551357549724,0,0,0
P00558,316,glut,Methylation,365,17.621259688228875,0,0,0
P04075,73,glut,Methylation,294,17.484419950344364,0,0,0
P04075,135,glut,Methylation,294,28.513505045855023,0,0,0
P04075,202,glut,Methylation,294,17.141468694368054,0,0,0
P04075,240,glut,Methylation,294,23.998608188809612,0,0,0
P04075,339,glut,Methylation,294,7.8507261447588395,0,1,1
P04406,247,glut,Methylation,5,39.10264055022372,0,0,0
P04406,247,glut,Methylation,66,48.67805844525848,0,0,0
P04406,247,glut,Methylation,194,28.419716589016154,0,0,0
P04406,247,glut,Methylation,215,12.610154439974158,0,0,0
P04406,247,glut,Methylation,227,7.144516358718762,0,1,1
P04406,247,glut,Methylation,260,13.850851526169789,0,0,0
P04406,247,glut,Methylation,263,14.50942207670588,0,0,0
P04406,247,glut,Methylation,334,29.625555589726922,0,0,0
P05141,160,glut,Methylation,10,29.677038666282055,0,0,0
P05141,160,glut,Methylation,43,12.391016544254954,0,0,0
P05141,160,glut,Methylation,52,23.9946778057135,0,0,0
P05141,160,glut,Methylation,147,14.733673879925536,0,0,0
P05141,160,glut,Methylation,155,5.364633258667362,0,1,1
P05141,160,glut,Methylation,166,6.950682700282037,0,1,1
P05141,160,glut,Methylation,272,19.836213398731118,0,0,0
