PTM,N,mean_SASA,median_SASA
Acetylation,4151,115.02341483979764,117.93
Malonylation,1258,121.74460095389509,123.2125
Methylation,284,129.44013028169016,125.8155
N-linked Glycosylation,81,82.55808641975308,81.262
O-linked Glycosylation,183,62.168295081967216,66.768
Phosphorylation,11472,62.1387375348675,60.7955
Succinylation,1201,119.80181348875936,122.732
Ubiquitination,2257,113.14118608772708,117.106
